,PageLink,EventName,EventType,EventTypeId,Country,City,ContinentCode,Subcontinent,StartDateTime,EndDateTime,Tags,EventCode,Comments,EventDateChangeId,EventId,FromStartDate,FromEndDate,ToStartDate,ToEndDate,ShowInCalendar,Type,Event_Tier_Name
134,,Singapore Smash 2022,WTT Grand Smash,64,Singapore,Singapore,asia,south east asia,2022-03-07T00:00:00,2022-03-20T00:00:00,,,,,2536,,,,,,,WTT Series
135,,Singapore Smash 2023,WTT Grand Smash,64,Singapore,Singapore,asia,south east asia,2023-03-07T00:00:00,2023-03-19T00:00:00,,,,,2629,,,,,,,WTT Series
136,,Singapore Smash 2024,WTT Grand Smash,64,Singapore,Singapore,asia,south east asia,2024-03-07T00:00:00,2024-03-17T00:00:00,,,,,2904,,,,,,,WTT Series
137,,Saudi Smash 2024,WTT Grand Smash,64,Saudi Arabia,Jeddah,asia,west asia,2024-05-01T00:00:00,2024-05-11T00:00:00,,,,,2932,,,,,,,WTT Series
138,,China Smash 2024 Presented by Zhonghui Life,WTT Grand Smash,64,China,Beijing,asia,east asia,2024-09-26T00:00:00,2024-10-06T00:00:00,,,,,2942,,,,,,,WTT Series
139,,Singapore Smash 2025,WTT Grand Smash,64,Singapore,Singapore,asia,south east asia,2025-01-30T00:00:00,2025-02-09T00:00:00,,,,,3085,,,,,,,WTT Series
140,,United States Smash 2025,WTT Grand Smash,64,USA,Las Vegas,americas,northern america,2025-07-03T00:00:00,2025-07-13T00:00:00,,,,,3082,,,,,,,WTT Series
141,,Europe Smash - Sweden 2025,WTT Grand Smash,64,Sweden,Malm√∂,europe,northern europe,2025-08-14T00:00:00,2025-08-24T00:00:00,,,,,3128,,,,,,,WTT Series
142,,China Smash 2025 Presented by Beijing Shijingshan Culture & Tourism Group,WTT Grand Smash,64,China,Beijing,asia,east asia,2025-09-25T00:00:00,2025-10-05T00:00:00,,,,,3098,,,,,,,WTT Series
