eventId,documentCode,gameScores,resultsGameScores
2603,TTEWSINGLES-----------R64-002900----------,"13-15,2-11,11-8,11-6,5-11,7-11,0-0","13-15,2-11,11-8,11-6,5-11,7-11"
2603,TTEWSINGLES-----------R64-003200----------,"2-11,4-11,5-11,2-11,0-0,0-0,0-0","2-11,4-11,5-11,2-11"
2603,TTEMSINGLES-----------R128005800----------,"11-5,11-6,11-5,11-3,0-0,0-0,0-0","11-5,11-6,11-5,11-3"
2603,TTEMSINGLES-----------R64-002500----------,"11-3,11-2,11-3,11-5,0-0,0-0,0-0","11-3,11-2,11-3,11-5"
2603,TTEMSINGLES-----------8FNL000600----------,"9-11,10-12,7-11,7-11,0-0,0-0,0-0","9-11,10-12,7-11,7-11"
2603,TTEMSINGLES-----------R32-000300----------,"11-5,13-11,11-3,11-2,0-0,0-0,0-0","11-5,13-11,11-3,11-2"
2603,TTEMSINGLES-----------8FNL000200----------,"8-11,6-11,12-10,12-10,11-9,11-3,0-0","8-11,6-11,12-10,12-10,11-9,11-3"
2603,TTEWSINGLES-----------R64-001900----------,"11-7,11-6,11-4,11-6,0-0,0-0,0-0","11-7,11-6,11-4,11-6"
2603,TTEMSINGLES-----------R32-000900----------,"11-4,11-7,11-8,4-11,13-15,11-8,0-0","11-4,11-7,11-8,4-11,13-15,11-8"
2603,TTEWSINGLES-----------R64-000100----------,"11-3,11-6,11-6,11-5,0-0,0-0,0-0","11-3,11-6,11-6,11-5"
2603,TTEWSINGLES-----------R64-001200----------,"7-11,9-11,7-11,8-11,0-0,0-0,0-0","7-11,9-11,7-11,8-11"
2603,TTEMSINGLES-----------FNL-000200----------,"6-11,10-12,7-11,6-11,0-0,0-0,0-0","6-11,10-12,7-11,6-11"
2603,TTEMSINGLES-----------R64-003000----------,"11-6,11-8,11-8,11-4,0-0,0-0,0-0","11-6,11-8,11-8,11-4"
2603,TTEWSINGLES-----------R64-000500----------,"7-11,6-11,11-13,9-11,0-0,0-0,0-0","7-11,6-11,11-13,9-11"
2603,TTEWSINGLES-----------QFNL000100----------,"11-7,11-4,19-17,11-5,0-0,0-0,0-0","11-7,11-4,19-17,11-5"
2603,TTEMSINGLES-----------R128003400----------,"11-7,11-9,11-5,11-5,0-0,0-0,0-0","11-7,11-9,11-5,11-5"
2603,TTEWSINGLES-----------FNL-000200----------,"9-11,13-11,12-10,11-7,10-12,11-7,0-0","9-11,13-11,12-10,11-7,10-12,11-7"
2603,TTEMSINGLES-----------8FNL000700----------,"8-11,12-10,11-5,11-8,11-6,0-0,0-0","8-11,12-10,11-5,11-8,11-6"
2603,TTEWSINGLES-----------R64-001500----------,"11-5,11-4,11-6,9-11,11-8,0-0,0-0","11-5,11-4,11-6,9-11,11-8"
2603,TTEWSINGLES-----------8FNL000700----------,"10-12,4-11,11-13,9-11,0-0,0-0,0-0","10-12,4-11,11-13,9-11"
2603,TTEMSINGLES-----------R64-001200----------,"3-11,6-11,7-11,11-13,0-0,0-0,0-0","3-11,6-11,7-11,11-13"
2603,TTEWSINGLES-----------R32-001400----------,"12-10,9-11,7-11,3-11,14-12,7-11,0-0","12-10,9-11,7-11,3-11,14-12,7-11"
2603,TTEMSINGLES-----------8FNL000100----------,"14-16,13-11,11-8,12-10,11-6,0-0,0-0","14-16,13-11,11-8,12-10,11-6"
2603,TTEMSINGLES-----------R64-002700----------,"8-11,7-11,14-16,8-11,0-0,0-0,0-0","8-11,7-11,14-16,8-11"
2603,TTEWSINGLES-----------R64-000800----------,"10-12,5-11,1-11,12-14,0-0,0-0,0-0","10-12,5-11,1-11,12-14"
2603,TTEWSINGLES-----------R64-002200----------,"8-11,10-12,9-11,11-9,5-11,0-0,0-0","8-11,10-12,9-11,11-9,5-11"
2603,TTEMSINGLES-----------R64-001400----------,"3-11,7-11,5-11,10-12,0-0,0-0,0-0","3-11,7-11,5-11,10-12"
2603,TTEWSINGLES-----------R64-002700----------,"11-7,11-9,5-11,7-11,11-8,11-5,0-0","11-7,11-9,5-11,7-11,11-8,11-5"
2603,TTEMSINGLES-----------R64-000800----------,"11-2,3-11,2-11,6-11,10-12,0-0,0-0","11-2,3-11,2-11,6-11,10-12"
2603,TTEWSINGLES-----------R64-001700----------,"14-12,11-4,11-3,11-6,0-0,0-0,0-0","14-12,11-4,11-3,11-6"
2603,TTEWSINGLES-----------R64-001100----------,"8-11,7-11,12-10,7-11,4-11,0-0,0-0","8-11,7-11,12-10,7-11,4-11"
2603,TTEMSINGLES-----------R32-000500----------,"10-12,11-3,11-8,11-3,11-9,0-0,0-0","10-12,11-3,11-8,11-3,11-9"
2603,TTEWSINGLES-----------R128003800----------,"11-4,12-14,5-11,3-11,8-11,0-0,0-0","11-4,12-14,5-11,3-11,8-11"
2603,TTEMSINGLES-----------R64-001500----------,"11-6,14-16,11-9,9-11,11-7,11-9,0-0","11-6,14-16,11-9,9-11,11-7,11-9"
2603,TTEMSINGLES-----------R64-001900----------,"7-11,5-11,7-11,6-11,0-0,0-0,0-0","7-11,5-11,7-11,6-11"
2603,TTEMSINGLES-----------R64-000100----------,"7-11,11-3,11-4,11-9,11-4,0-0,0-0","7-11,11-3,11-4,11-9,11-4"
2603,TTEMSINGLES-----------R64-000300----------,"11-7,11-2,9-11,11-5,11-4,0-0,0-0","11-7,11-2,9-11,11-5,11-4"
2603,TTEMSINGLES-----------R64-000200----------,"4-11,9-11,9-11,4-11,0-0,0-0,0-0","4-11,9-11,9-11,4-11"
2603,TTEMSINGLES-----------R32-000100----------,"10-12,7-11,11-5,11-7,9-11,6-11,0-0","10-12,7-11,11-5,11-7,9-11,6-11"
2603,TTEMSINGLES-----------R64-002800----------,"11-9,11-6,11-8,11-4,0-0,0-0,0-0","11-9,11-6,11-8,11-4"
2603,TTEMSINGLES-----------R32-001100----------,"11-9,11-7,9-11,11-6,5-11,11-6,0-0","11-9,11-7,9-11,11-6,5-11,11-6"
2603,TTEWSINGLES-----------R32-001600----------,"11-8,4-11,7-11,9-11,8-11,0-0,0-0","11-8,4-11,7-11,9-11,8-11"
2603,TTEMSINGLES-----------R128006200----------,"12-10,11-3,11-4,11-5,0-0,0-0,0-0","12-10,11-3,11-4,11-5"
2603,TTEMSINGLES-----------QFNL000100----------,"11-7,6-11,14-12,14-12,11-2,0-0,0-0","11-7,6-11,14-12,14-12,11-2"
2603,TTEWSINGLES-----------8FNL000200----------,"2-11,8-11,8-11,9-11,0-0,0-0,0-0","2-11,8-11,8-11,9-11"
2603,TTEMSINGLES-----------FNL-000100----------,"11-7,9-11,9-11,8-11,8-11,0-0,0-0","11-7,9-11,9-11,8-11,8-11"
2603,TTEWSINGLES-----------8FNL000100----------,"12-10,12-10,11-8,11-3,0-0,0-0,0-0","12-10,12-10,11-8,11-3"
2603,TTEMSINGLES-----------R64-001100----------,"12-10,9-11,6-11,7-11,11-8,10-12,0-0","12-10,9-11,6-11,7-11,11-8,10-12"
2603,TTEMSINGLES-----------QFNL000200----------,"4-11,7-11,5-11,6-11,0-0,0-0,0-0","4-11,7-11,5-11,6-11"
2603,TTEMSINGLES-----------R64-002400----------,"6-11,14-12,6-11,6-11,2-11,0-0,0-0","6-11,14-12,6-11,6-11,2-11"
2603,TTEMSINGLES-----------R32-001600----------,"5-11,5-11,11-9,6-11,3-11,0-0,0-0","5-11,5-11,11-9,6-11,3-11"
2603,TTEMSINGLES-----------R64-003200----------,"6-11,4-11,7-11,2-11,0-0,0-0,0-0","6-11,4-11,7-11,2-11"
2603,TTEWSINGLES-----------R32-001200----------,"11-13,5-11,8-11,9-11,0-0,0-0,0-0","11-13,5-11,8-11,9-11"
2603,TTEMSINGLES-----------R32-000200----------,"13-11,11-5,8-11,11-6,11-7,0-0,0-0","13-11,11-5,8-11,11-6,11-7"
2603,TTEMSINGLES-----------SFNL000200----------,"8-11,6-11,7-11,5-11,0-0,0-0,0-0","8-11,6-11,7-11,5-11"
2603,TTEWSINGLES-----------R32-000500----------,"9-11,7-11,12-10,14-12,11-8,11-7,0-0","9-11,7-11,12-10,14-12,11-8,11-7"
2603,TTEMSINGLES-----------R32-001200----------,"4-11,9-11,9-11,6-11,0-0,0-0,0-0","4-11,9-11,9-11,6-11"
2603,TTEMSINGLES-----------R64-002000----------,"3-11,7-11,3-11,5-11,0-0,0-0,0-0","3-11,7-11,3-11,5-11"
2603,TTEWSINGLES-----------R64-002800----------,"4-11,3-11,4-11,8-11,0-0,0-0,0-0","4-11,3-11,4-11,8-11"
2603,TTEWSINGLES-----------R32-001300----------,"12-14,11-5,12-10,14-12,11-4,0-0,0-0","12-14,11-5,12-10,14-12,11-4"
2603,TTEWSINGLES-----------R64-001000----------,"7-11,8-11,9-11,5-11,0-0,0-0,0-0","7-11,8-11,9-11,5-11"
2603,TTEMSINGLES-----------R64-001700----------,"11-8,11-8,11-6,11-8,0-0,0-0,0-0","11-8,11-8,11-6,11-8"
2603,TTEMSINGLES-----------R32-000700----------,"11-9,11-3,11-6,11-9,0-0,0-0,0-0","11-9,11-3,11-6,11-9"
2603,TTEMSINGLES-----------R32-000600----------,"11-9,4-11,11-8,7-11,3-11,5-11,0-0","11-9,4-11,11-8,7-11,3-11,5-11"
2603,TTEMSINGLES-----------R32-001000----------,"4-11,8-11,9-11,13-11,3-11,0-0,0-0","4-11,8-11,9-11,13-11,3-11"
2603,TTEWSINGLES-----------8FNL000500----------,"11-2,11-8,11-4,15-13,0-0,0-0,0-0","11-2,11-8,11-4,15-13"
2603,TTEWSINGLES-----------R64-001300----------,"11-1,11-3,11-3,11-5,0-0,0-0,0-0","11-1,11-3,11-3,11-5"
2603,TTEMSINGLES-----------R64-000500----------,"11-6,11-6,7-11,11-5,11-8,0-0,0-0","11-6,11-6,7-11,11-5,11-8"
2603,TTEWSINGLES-----------R128001500----------,"11-6,9-11,11-9,11-3,11-8,0-0,0-0","11-6,9-11,11-9,11-3,11-8"
2603,TTEMSINGLES-----------R64-000700----------,"11-4,11-5,12-10,11-6,0-0,0-0,0-0","11-4,11-5,12-10,11-6"
2603,TTEWSINGLES-----------R64-002400----------,"9-11,5-11,5-11,7-11,0-0,0-0,0-0","9-11,5-11,5-11,7-11"
2603,TTEWSINGLES-----------SFNL000200----------,"7-11,6-11,7-11,7-11,0-0,0-0,0-0","7-11,6-11,7-11,7-11"
2603,TTEWSINGLES-----------R128006200----------,"11-5,11-5,11-2,11-8,0-0,0-0,0-0","11-5,11-5,11-2,11-8"
2603,TTEWSINGLES-----------R64-002100----------,"11-4,9-11,11-7,11-4,14-12,0-0,0-0","11-4,9-11,11-7,11-4,14-12"
2603,TTEWSINGLES-----------8FNL000400----------,"11-13,6-11,8-11,6-11,0-0,0-0,0-0","11-13,6-11,8-11,6-11"
2603,TTEWSINGLES-----------R64-001400----------,"7-11,5-11,7-11,8-11,0-0,0-0,0-0","7-11,5-11,7-11,8-11"
2603,TTEWSINGLES-----------R64-003000----------,"11-9,13-11,11-6,11-6,0-0,0-0,0-0","11-9,13-11,11-6,11-6"
2603,TTEMSINGLES-----------SFNL000100----------,"12-10,16-14,7-11,11-7,10-12,11-8,0-0","12-10,16-14,7-11,11-7,10-12,11-8"
2603,TTEWSINGLES-----------R64-002500----------,"9-11,11-4,11-3,11-7,11-9,0-0,0-0","9-11,11-4,11-3,11-7,11-9"
2603,TTEWSINGLES-----------R64-000900----------,"11-9,11-5,11-8,11-7,0-0,0-0,0-0","11-9,11-5,11-8,11-7"
2603,TTEMSINGLES-----------R64-001600----------,"8-11,7-11,9-11,4-11,0-0,0-0,0-0","8-11,7-11,9-11,4-11"
2603,TTEMSINGLES-----------R32-000800----------,"11-7,11-13,9-11,11-8,3-11,5-11,0-0","11-7,11-13,9-11,11-8,3-11,5-11"
2603,TTEMSINGLES-----------R64-002100----------,"8-11,11-4,11-8,13-11,3-11,11-7,0-0","8-11,11-4,11-8,13-11,3-11,11-7"
2603,TTEWSINGLES-----------R64-000200----------,"10-12,3-11,7-11,11-9,12-10,6-11,0-0","10-12,3-11,7-11,11-9,12-10,6-11"
2603,TTEWSINGLES-----------R32-000900----------,"9-11,11-9,11-4,11-1,11-9,0-0,0-0","9-11,11-9,11-4,11-1,11-9"
2603,TTEWSINGLES-----------R32-000100----------,"11-5,11-1,13-11,11-4,0-0,0-0,0-0","11-5,11-1,13-11,11-4"
2603,TTEMSINGLES-----------R64-001300----------,"11-6,11-5,11-6,11-6,0-0,0-0,0-0","11-6,11-5,11-6,11-6"
2603,TTEWSINGLES-----------R64-002000----------,"8-11,4-11,11-13,10-12,0-0,0-0,0-0","8-11,4-11,11-13,10-12"
2603,TTEWSINGLES-----------FNL-000100----------,"11-4,7-11,4-11,11-9,9-11,6-11,0-0","11-4,7-11,4-11,11-9,9-11,6-11"
2603,TTEMSINGLES-----------R64-000900----------,"11-7,11-5,11-6,8-11,11-7,0-0,0-0","11-7,11-5,11-6,8-11,11-7"
2603,TTEWSINGLES-----------R32-001000----------,"11-8,11-7,9-11,8-11,11-8,11-8,0-0","11-8,11-7,9-11,8-11,11-8,11-8"
2603,TTEWSINGLES-----------R64-001600----------,"1-11,3-11,4-11,5-11,0-0,0-0,0-0","1-11,3-11,4-11,5-11"
2603,TTEWSINGLES-----------R64-002300----------,"7-11,7-11,7-11,10-12,0-0,0-0,0-0","7-11,7-11,7-11,10-12"
2603,TTEMSINGLES-----------8FNL000800----------,"4-11,7-11,10-12,7-11,0-0,0-0,0-0","4-11,7-11,10-12,7-11"
2603,TTEMSINGLES-----------R32-001300----------,"8-11,11-6,11-4,11-7,5-11,11-7,0-0","8-11,11-6,11-4,11-7,5-11,11-7"
2603,TTEWSINGLES-----------R64-003100----------,"11-7,9-11,14-12,11-9,11-6,0-0,0-0","11-7,9-11,14-12,11-9,11-6"
2603,TTEMSINGLES-----------R64-002200----------,"6-11,3-11,3-11,2-11,0-0,0-0,0-0","6-11,3-11,3-11,2-11"
2603,TTEMSINGLES-----------R64-001000----------,"11-13,4-11,9-11,5-11,0-0,0-0,0-0","11-13,4-11,9-11,5-11"
2603,TTEWSINGLES-----------R32-000700----------,"9-11,11-6,11-5,11-4,11-7,0-0,0-0","9-11,11-6,11-5,11-4,11-7"
2603,TTEMSINGLES-----------8FNL000300----------,"11-7,18-16,12-10,11-9,0-0,0-0,0-0","11-7,18-16,12-10,11-9"
2603,TTEWSINGLES-----------8FNL000600----------,"6-11,9-11,14-12,8-11,6-11,0-0,0-0","6-11,9-11,14-12,8-11,6-11"
2603,TTEMSINGLES-----------R32-001500----------,"11-5,11-4,11-7,7-11,8-11,11-8,0-0","11-5,11-4,11-7,7-11,8-11,11-8"
2603,TTEWSINGLES-----------8FNL000800----------,"11-8,5-11,6-11,4-11,8-11,0-0,0-0","11-8,5-11,6-11,4-11,8-11"
2603,TTEWSINGLES-----------R32-001100----------,"9-11,6-11,9-11,7-11,0-0,0-0,0-0","9-11,6-11,9-11,7-11"
2603,TTEMSINGLES-----------R64-002900----------,"11-8,8-11,2-11,2-11,11-8,10-12,0-0","11-8,8-11,2-11,2-11,11-8,10-12"
2603,TTEWSINGLES-----------R32-000200----------,"11-9,10-12,4-11,5-11,12-10,10-12,0-0","11-9,10-12,4-11,5-11,12-10,10-12"
2603,TTEWSINGLES-----------QFNL000400----------,"5-11,3-11,0-11,8-11,0-0,0-0,0-0","5-11,3-11,0-11,8-11"
2603,TTEMSINGLES-----------8FNL000400----------,"11-3,5-11,6-11,3-11,8-11,0-0,0-0","11-3,5-11,6-11,3-11,8-11"
2603,TTEWSINGLES-----------SFNL000100----------,"11-6,11-8,11-8,11-2,0-0,0-0,0-0","11-6,11-8,11-8,11-2"
2603,TTEWSINGLES-----------R64-000400----------,"4-11,9-11,7-11,8-11,0-0,0-0,0-0","4-11,9-11,7-11,8-11"
2603,TTEWSINGLES-----------R32-000400----------,"3-11,11-9,8-11,9-11,11-5,13-15,0-0","3-11,11-9,8-11,9-11,11-5,13-15"
2603,TTEMSINGLES-----------R64-002600----------,"11-6,5-11,4-11,10-12,8-11,0-0,0-0","11-6,5-11,4-11,10-12,8-11"
2603,TTEMSINGLES-----------R64-002300----------,"8-11,12-10,8-11,10-12,5-11,0-0,0-0","8-11,12-10,8-11,10-12,5-11"
2603,TTEWSINGLES-----------R32-000800----------,"13-15,10-12,3-11,9-11,0-0,0-0,0-0","13-15,10-12,3-11,9-11"
2619,TTEMSINGLES-----------QFNL000400----------,,"11-7,11-7,9-11,8-11,11-8"
2627,TTEWSINGLES-----------8FNL000700----------,"11-9,9-11,11-8,11-5,0-0","11-9,9-11,11-7,11-5,0-0"
2487,TTEWSINGLES-----------8FNL000600----------,"11-9,11-8,13-11,0-0,0-0","11-9,11-6,13-11,0-0,0-0"
2606,TTEMSINGLES-----------8FNL000400----------,"2-11,6-11,11-5,11-0,11-0","2-11,6-11,2-11,0-0,0-0"
2794,TTEMSINGLES-----------R32-000700----------,,"11-7,8-11,5-11,5-11,0-0"
2794,TTEMSINGLES-----------R32-001500----------,,"8-11,11-6,11-9,11-8,0-0"
3175,TTEMSINGLES-----------QFNL000300----------,"11-6,13-11,11-4,0-0,0-0","11-6,13-11,0-0,0-0,0-0"
2521,TTEMSINGLES-----------R64-002100----------,"11-13,11-13,7-11,11-3,11-7,11-7,11-7","11-13,11-6,7-11,11-3,11-7,11-7,11-7"
2479,TTEMSINGLES-----------R64-001400----------,"11-8,7-11,5-11,11-9,0-11","8-11,11-7,11-5,11-9,0-0"
2479,TTEWSINGLES-----------R64-002300----------,"11-9,5-11,11-0,11-0,0-0","11-9,11-5,11-9,0-0,0-0"
2728,TTEMSINGLES-----------SFNL000100----------,,"8-11,11-7,5-11,8-11,8-11,0-0,0-0"
2704,TTEMSINGLES-----------GP07000300----------,"11-6,11-3,9-11,9-11,11-5","11-6,11-3,10-11,9-11,11-5"
2704,TTEWSINGLES-----------R64-000900----------,"11-8,9-11,11-9,8-11,7-11","10-0,9-11,11-9,8-11,7-11"
2704,TTEWSINGLES-----------8FNL000100----------,"11-6,11-6,11-3,0-0,0-0","10-6,11-6,11-3,0-0,0-0"
2704,TTEWSINGLES-----------8FNL000200----------,"11-4,7-11,11-1,11-6,0-0","11-4,7-11,9-1,11-6,0-0"
2704,TTEWSINGLES-----------R64-001000----------,"12-14,11-8,11-8,8-11,11-6","12-14,11-8,11-8,7-11,11-6"
2704,TTEWSINGLES-----------R64-000300----------,"7-11,13-11,11-9,3-11,8-11","7-11,13-11,11-6,3-11,8-11"
2670,TTEWSINGLES-----------SFNL000200----------,"6-11,1-11,1-11,8-11,0-0,0-0,0-0","6-11,0-11,1-11,8-11,0-0,0-0,0-0"
2670,TTEWSINGLES-----------SFNL000100----------,"11-2,11-3,11-3,11-0,0-0,0-0,0-0","11-2,11-3,11-0,11-0,0-0,0-0,0-0"
2670,TTEMSINGLES-----------34--000100----------,"11-9,11-8,11-7,11-9,0-0,0-0,0-0","11-9,11-8,11-4,11-9,0-0,0-0,0-0"
2883,TTEWSINGLES-----------R32-000500----------,,"9-11,11-13,10-12,0-0,0-0"
2693,TTEMSINGLES-----------RND1000300----------,"13-15,8-11,6-11,0-0,0-0","13-15,8-11,4-11,0-0,0-0"
2502,TTEMSINGLES-----------RND2001000----------,"9-11,6-11,8-11,0-0,0-0","9-9,6-11,8-11,0-0,0-0"
2699,TTEWSINGLES-----------8FNL000700----------,"11-6,4-11,12-10,11-8,0-0","11-6,3-11,12-10,11-8,0-0"
2592,TTEMSINGLES-----------R64-000100----------,,"10-12,11-5,6-11,11-3,11-2,11-6"
2697,TTEWSINGLES-----------RND1003100----------,"11-9,11-6,11-6,0-0,0-0","11-8,11-6,11-6,0-0,0-0"
2697,TTEWSINGLES-----------8FNL000800----------,"11-9,11-7,7-11,8-11,7-11","11-9,11-7,7-11,8-11,7-10"
2480,TTEMSINGLES-----------R32-000200----------,,"7-11,13-11,7-11,11-13,9-11,0-0,0-0"
2480,TTEWSINGLES-----------R32-000300----------,,"11-8,8-11,11-6,11-1,11-6,0-0,0-0"
2480,TTEMSINGLES-----------R32-001200----------,"13-11,11-9,10-12,8-11,11-8,11-2,0-0","11-13,11-9,10-12,8-11,11-8,9-11,0-0"
2480,TTEWSINGLES-----------R32-000700----------,,"11-7,10-12,11-5,11-7,13-15,6-11,9-11"
2480,TTEWSINGLES-----------R32-000100----------,,"11-6,11-7,11-3,11-5,0-0,0-0,0-0"
2480,TTEMSINGLES-----------GP04000300----------,,"11-8,10-12,7-11,11-7,8-11"
2480,TTEMSINGLES-----------GP18000300----------,,"5-11,11-8,11-9,11-7,0-0"
2480,TTEWSINGLES-----------R32-000200----------,,"3-11,8-11,6-11,8-11,0-0,0-0,0-0"
2489,TTEMSINGLES-----------8FNL000300----------,"10-12,11-6,11-6,11-4,0-0","10-12,11-6,9-6,11-4,0-0"
2882,TTEWSINGLES-----------R64-002200----------,,"11-8,11-6,11-8,0-0,0-0"
2882,TTEWSINGLES-----------QFNL000100----------,,"6-11,11-9,4-11,10-12,0-0"
2346,TTEWSINGLES-----------R128006300----------,"5-11,11-9,3-11,11-13,11-13,0-0,0-0","5-11,11-9,3-11,11-13,11-10,0-0,0-0"
2346,TTEWSINGLES-----------R128000200----------,"11-5,11-0,11-0,11-0,0-0,0-0,0-0","11-9,12-10,6-11,9-11,7-11,11-6,5-11"
2346,TTEMSINGLES-----------R128000500----------,"13-11,11-8,8-11,6-11,11-5,13-11,0-0","13-11,11-8,8-11,6-11,11-5,8-11,13-11"
2346,TTEWSINGLES-----------R128001300----------,"3-11,0-11,0-11,0-11,0-0,0-0,0-0","11-8,11-5,11-5,11-7,0-0,0-0,0-0"
3084,TTEWSINGLES-----------GP12000400----------,"0-0,0-0,0-0,0-0,0-0","5-11,10-12,10-12,0-0,0-0"
3084,TTEWSINGLES-----------GP11000400----------,"0-0,0-0,0-0,0-0,0-0","11-9,11-9,11-9,0-0,0-0"
2539,TTEWSINGLES-----------RND2002600----------,,"11-8,11-7,7-11,6-11,11-9"
2539,TTEWSINGLES-----------RND1001100----------,,"2-11,2-11,8-11,0-0,0-0"
2539,TTEMSINGLES-----------SFNL000200----------,"11-7,11-6,8-11,11-9,11-9,0-0,0-0","11-7,11-6,8-9,11-9,11-9,0-0,0-0"
2891,TTEWSINGLES-----------RND1001200----------,"3-11,11-7,11-3,11-3,0-0","11-3,7-11,3-11,3-11,0-0"
2345,TTEWSINGLES-----------R128000100----------,,"11-6,6-11,11-4,7-11,11-6,14-12,0-0"
2345,TTEMSINGLES-----------8FNL000700----------,,"11-8,6-11,11-8,7-11,11-9,5-11,11-7"
2345,TTEWSINGLES-----------8FNL000500----------,,"11-7,11-6,11-9,11-7,0-0,0-0,0-0"
2345,TTEMSINGLES-----------R32-000900----------,,"13-11,11-7,7-11,11-9,12-10,0-0,0-0"
2345,TTEWSINGLES-----------R128000200----------,,"12-10,6-11,3-11,11-7,11-9,11-9,0-0"
2345,TTEWSINGLES-----------R128001000----------,,"11-8,11-9,11-4,11-7,0-0,0-0,0-0"
2345,TTEMSINGLES-----------R64-000600----------,,"11-6,9-11,13-11,11-9,11-9,0-0,0-0"
2345,TTEWSINGLES-----------R64-001100----------,,"11-8,11-7,8-11,5-11,6-11,11-8,5-11"
2345,TTEMSINGLES-----------R128000500----------,,"11-8,8-11,8-11,7-11,13-11,6-11,0-0"
2345,TTEMSINGLES-----------R64-000500----------,,"11-7,11-5,11-6,11-5,0-0,0-0,0-0"
2345,TTEWSINGLES-----------R64-000100----------,,"9-11,12-14,7-11,11-7,9-11,0-0,0-0"
2345,TTEMSINGLES-----------QFNL000400----------,,"7-11,9-11,6-11,13-11,6-11,0-0,0-0"
2345,TTEMSINGLES-----------R32-000200----------,,"11-7,3-11,11-7,11-6,11-13,2-11,11-3"
2345,TTEWSINGLES-----------R32-001500----------,,"11-8,11-7,11-6,12-10,0-0,0-0,0-0"
2345,TTEWSINGLES-----------8FNL000700----------,,"11-13,7-11,9-11,11-8,8-11,0-0,0-0"
2345,TTEWSINGLES-----------R64-000200----------,,"7-11,9-11,14-12,12-10,11-6,3-11,11-8"
2345,TTEMSINGLES-----------R128001300----------,,"11-6,11-3,11-7,11-6,0-0,0-0,0-0"
2345,TTEWSINGLES-----------8FNL000600----------,,"1-11,12-10,3-11,3-11,4-11,0-0,0-0"
2345,TTEMSINGLES-----------8FNL000500----------,,"11-7,9-11,6-11,11-9,4-11,11-5,11-6"
2345,TTEWSINGLES-----------R64-000400----------,,"11-2,17-19,11-5,7-11,8-11,11-8,5-11"
2345,TTEWSINGLES-----------R32-000700----------,,"4-11,11-6,11-6,9-11,8-11,3-11,0-0"
2345,TTEWSINGLES-----------8FNL000400----------,,"9-11,9-11,9-11,11-8,11-6,8-11,0-0"
2345,TTEWSINGLES-----------R256000700----------,,"7-11,3-11,4-11,13-11,4-11,0-0,0-0"
2345,TTEWSINGLES-----------R32-000300----------,,"9-11,3-11,7-11,11-6,11-5,11-8,11-7"
2345,TTEWSINGLES-----------R256001600----------,,"11-8,8-11,6-11,5-11,10-12,0-0,0-0"
2345,TTEWSINGLES-----------R128000400----------,,"11-7,11-8,11-1,12-10,0-0,0-0,0-0"
2345,TTEMSINGLES-----------R32-001000----------,,"7-11,12-10,11-8,11-8,11-7,0-0,0-0"
2345,TTEWSINGLES-----------R128000600----------,,"11-7,11-6,12-10,11-9,0-0,0-0,0-0"
2345,TTEMSINGLES-----------8FNL000600----------,,"4-11,11-7,0-11,7-11,9-11,0-0,0-0"
2345,TTEMSINGLES-----------R64-001100----------,,"11-4,11-4,11-3,11-3,0-0,0-0,0-0"
2345,TTEMSINGLES-----------R128000100----------,,"11-5,11-6,11-3,13-11,0-0,0-0,0-0"
2345,TTEWSINGLES-----------R32-001000----------,,"7-11,6-11,11-4,8-11,2-11,0-0,0-0"
2345,TTEMSINGLES-----------R32-001400----------,,"11-9,5-11,2-11,2-11,8-11,0-0,0-0"
2345,TTEWSINGLES-----------R128000700----------,,"9-11,11-4,5-11,5-11,8-11,0-0,0-0"
2345,TTEMSINGLES-----------R128001600----------,,"11-7,11-9,11-6,11-5,0-0,0-0,0-0"
2345,TTEMSINGLES-----------R64-000200----------,,"11-7,11-9,11-8,6-11,12-10,0-0,0-0"
2345,TTEMSINGLES-----------R32-001100----------,,"11-6,11-8,11-3,12-10,0-0,0-0,0-0"
2345,TTEMSINGLES-----------R128001500----------,,"11-1,11-5,11-5,11-2,0-0,0-0,0-0"
2345,TTEMSINGLES-----------R32-001200----------,,"13-11,11-3,13-11,11-4,0-0,0-0,0-0"
2345,TTEMSINGLES-----------R32-000300----------,,"7-11,11-7,8-11,10-12,12-10,11-6,14-12"
2345,TTEWSINGLES-----------R32-000800----------,,"5-11,9-11,10-12,6-11,0-0,0-0,0-0"
2345,TTEMSINGLES-----------R32-001300----------,,"5-11,11-6,11-8,11-13,11-4,6-11,8-11"
2345,TTEMSINGLES-----------QFNL000100----------,,"12-10,11-9,11-6,11-5,0-0,0-0,0-0"
2345,TTEWSINGLES-----------R256000400----------,,"5-11,11-4,3-11,6-11,8-11,0-0,0-0"
2345,TTEWSINGLES-----------R128001400----------,,"7-11,11-5,4-11,10-12,2-11,0-0,0-0"
2345,TTEMSINGLES-----------R64-001500----------,,"12-10,12-10,11-4,3-11,12-10,0-0,0-0"
2345,TTEWSINGLES-----------R32-000200----------,,"7-11,5-11,11-9,6-11,11-6,11-8,3-11"
2345,TTEMSINGLES-----------R64-001600----------,,"2-11,11-8,11-5,9-11,11-6,11-9,0-0"
2345,TTEMSINGLES-----------R32-000800----------,,"11-9,13-11,8-11,12-10,12-10,0-0,0-0"
2345,TTEMSINGLES-----------R128000200----------,,"4-11,11-4,3-11,11-13,11-3,10-12,0-0"
2345,TTEWSINGLES-----------R256001000----------,,"11-5,6-11,10-12,6-11,7-11,0-0,0-0"
2345,TTEWSINGLES-----------R128000300----------,,"11-3,11-5,11-5,11-7,0-0,0-0,0-0"
2345,TTEWSINGLES-----------R128001200----------,,"11-3,11-5,11-5,11-6,0-0,0-0,0-0"
2345,TTEWSINGLES-----------8FNL000200----------,,"13-11,5-11,8-11,9-11,8-11,0-0,0-0"
2345,TTEWSINGLES-----------R32-001100----------,,"9-11,4-11,9-11,9-11,0-0,0-0,0-0"
2345,TTEMSINGLES-----------R32-000500----------,,"11-5,9-11,11-7,11-7,11-9,0-0,0-0"
2345,TTEWSINGLES-----------R64-000300----------,,"15-13,10-12,11-9,11-4,7-11,13-11,0-0"
2345,TTEMSINGLES-----------R64-000100----------,,"11-6,11-8,12-10,13-11,0-0,0-0,0-0"
2345,TTEWSINGLES-----------8FNL000100----------,,"11-7,11-6,11-9,9-11,11-5,0-0,0-0"
2345,TTEWSINGLES-----------R32-001600----------,,"11-6,11-5,11-5,11-3,0-0,0-0,0-0"
2345,TTEWSINGLES-----------R32-000900----------,,"11-9,5-11,11-5,11-4,11-5,0-0,0-0"
2345,TTEWSINGLES-----------R128000800----------,,"8-11,9-11,10-12,11-6,11-5,11-8,11-6"
2345,TTEMSINGLES-----------R128001200----------,,"11-4,11-13,6-11,11-7,11-5,11-8,0-0"
2345,TTEMSINGLES-----------R128000900----------,,"11-7,11-9,11-5,11-7,0-0,0-0,0-0"
2345,TTEWSINGLES-----------R64-000900----------,,"11-3,11-3,11-5,11-5,0-0,0-0,0-0"
2345,TTEWSINGLES-----------R64-000600----------,,"11-4,11-4,7-11,10-12,11-8,5-11,7-11"
2345,TTEWSINGLES-----------R64-001400----------,,"7-11,6-11,11-5,12-10,4-11,4-11,0-0"
2345,TTEWSINGLES-----------R128001500----------,,"8-11,9-11,9-11,11-9,4-11,0-0,0-0"
2345,TTEWSINGLES-----------R32-000100----------,,"11-3,11-6,11-2,11-7,0-0,0-0,0-0"
2345,TTEMSINGLES-----------8FNL000400----------,,"10-12,11-9,11-3,10-12,8-11,11-7,11-7"
2345,TTEWSINGLES-----------SFNL000100----------,,"11-6,11-8,11-7,11-6,0-0,0-0,0-0"
2345,TTEMSINGLES-----------8FNL000800----------,,"6-11,11-9,4-11,7-11,5-11,0-0,0-0"
2345,TTEMSINGLES-----------R128001400----------,,"11-2,11-5,12-10,11-6,0-0,0-0,0-0"
2345,TTEWSINGLES-----------R128000900----------,,"11-5,9-11,13-11,11-9,3-11,9-11,5-11"
2345,TTEMSINGLES-----------8FNL000300----------,,"11-5,11-7,11-2,9-11,9-11,13-11,0-0"
2345,TTEWSINGLES-----------R32-000600----------,,"11-8,11-2,11-5,11-7,0-0,0-0,0-0"
2345,TTEMSINGLES-----------QFNL000300----------,,"11-7,11-5,8-11,7-11,8-11,2-11,0-0"
2345,TTEWSINGLES-----------R32-001400----------,,"11-9,11-9,11-7,11-8,0-0,0-0,0-0"
2345,TTEWSINGLES-----------R128001100----------,,"4-11,11-6,11-6,4-11,3-11,5-11,0-0"
2345,TTEMSINGLES-----------R128001000----------,,"11-7,11-1,11-5,8-11,12-10,0-0,0-0"
2345,TTEMSINGLES-----------R32-000700----------,,"8-11,11-7,10-12,13-11,9-11,10-12,0-0"
2345,TTEMSINGLES-----------R32-001500----------,,"12-10,11-9,11-9,11-5,0-0,0-0,0-0"
2345,TTEMSINGLES-----------R32-001600----------,,"11-7,8-11,13-11,11-4,11-4,0-0,0-0"
2345,TTEMSINGLES-----------R32-000100----------,,"11-3,11-4,11-3,11-4,0-0,0-0,0-0"
2345,TTEWSINGLES-----------R64-000800----------,,"11-3,11-2,11-8,11-9,0-0,0-0,0-0"
2345,TTEMSINGLES-----------FNL-000200----------,,"11-13,11-9,11-6,4-11,11-4,13-15,7-11"
2345,TTEWSINGLES-----------QFNL000400----------,,"8-11,3-11,8-11,6-11,0-0,0-0,0-0"
2345,TTEWSINGLES-----------R64-001600----------,,"11-3,6-11,11-5,11-4,11-0,0-0,0-0"
2345,TTEWSINGLES-----------8FNL000800----------,,"6-11,12-14,3-11,10-12,0-0,0-0,0-0"
2345,TTEWSINGLES-----------R64-001300----------,,"11-7,6-11,8-11,8-11,11-8,9-11,0-0"
2345,TTEMSINGLES-----------FNL-000100----------,,"4-11,12-10,8-11,9-11,11-3,7-11,0-0"
2345,TTEWSINGLES-----------R128001300----------,,"11-9,11-6,11-4,7-11,11-3,0-0,0-0"
2345,TTEMSINGLES-----------R32-000600----------,,"15-13,9-11,6-11,11-7,7-11,6-11,0-0"
2345,TTEWSINGLES-----------R256001400----------,,"11-5,11-7,11-5,14-12,0-0,0-0,0-0"
2345,TTEMSINGLES-----------8FNL000100----------,,"11-6,11-6,11-2,5-11,11-3,0-0,0-0"
2345,TTEMSINGLES-----------R64-001300----------,,"15-13,11-6,11-4,6-11,8-11,9-11,11-4"
2345,TTEWSINGLES-----------8FNL000300----------,,"11-8,11-8,12-10,11-9,0-0,0-0,0-0"
2345,TTEMSINGLES-----------R64-001200----------,,"9-11,11-9,9-11,11-0,7-11,4-11,0-0"
2345,TTEWSINGLES-----------R32-000500----------,,"11-5,5-11,11-4,6-11,11-4,11-8,0-0"
2345,TTEWSINGLES-----------QFNL000100----------,,"6-11,6-11,11-6,11-9,11-1,11-8,0-0"
2345,TTEMSINGLES-----------R64-001400----------,,"5-11,11-3,13-11,9-11,5-11,11-8,11-7"
2345,TTEMSINGLES-----------R32-000400----------,,"7-11,11-6,11-7,11-2,11-1,0-0,0-0"
2345,TTEMSINGLES-----------R64-001000----------,,"11-13,11-6,4-11,10-12,6-11,0-0,0-0"
2345,TTEWSINGLES-----------R32-001300----------,,"8-11,12-10,11-5,11-2,11-4,0-0,0-0"
2345,TTEMSINGLES-----------R64-000400----------,,"3-11,6-11,11-7,11-8,2-11,11-9,11-4"
2345,TTEMSINGLES-----------SFNL000200----------,,"11-13,8-11,11-9,11-9,7-11,11-5,9-11"
2345,TTEMSINGLES-----------R128000400----------,,"11-9,11-5,11-4,11-4,0-0,0-0,0-0"
2345,TTEMSINGLES-----------R64-000800----------,,"7-11,11-7,11-4,11-5,9-11,10-12,6-11"
2345,TTEWSINGLES-----------FNL-000100----------,,"9-11,11-6,11-4,5-11,11-4,11-9,0-0"
2345,TTEMSINGLES-----------R128000300----------,,"11-6,11-8,11-9,11-8,0-0,0-0,0-0"
2345,TTEMSINGLES-----------R64-000900----------,,"9-11,8-11,9-11,10-12,0-0,0-0,0-0"
2345,TTEWSINGLES-----------R64-001500----------,,"13-15,11-2,11-2,11-8,11-6,0-0,0-0"
2345,TTEWSINGLES-----------FNL-000200----------,,"11-6,8-11,7-11,7-11,6-11,0-0,0-0"
2345,TTEMSINGLES-----------R128000700----------,,"8-11,11-4,14-12,11-2,11-7,0-0,0-0"
2345,TTEWSINGLES-----------R64-001000----------,,"11-5,11-4,11-3,11-3,0-0,0-0,0-0"
2345,TTEWSINGLES-----------QFNL000200----------,,"11-8,5-11,12-14,6-11,2-11,0-0,0-0"
2345,TTEWSINGLES-----------R128001600----------,,"11-6,6-11,11-4,11-8,10-12,9-11,8-11"
2345,TTEWSINGLES-----------SFNL000200----------,,"3-11,9-11,6-11,4-11,0-0,0-0,0-0"
2345,TTEMSINGLES-----------R64-000700----------,,"11-2,12-10,5-11,9-11,5-11,15-13,11-8"
2345,TTEWSINGLES-----------R64-000700----------,,"9-11,6-11,9-11,7-11,0-0,0-0,0-0"
2345,TTEWSINGLES-----------R64-001200----------,,"8-11,7-11,6-11,8-11,0-0,0-0,0-0"
2345,TTEWSINGLES-----------QFNL000300----------,,"11-5,11-1,12-10,11-6,0-0,0-0,0-0"
2345,TTEMSINGLES-----------QFNL000200----------,,"11-4,11-7,11-4,11-6,0-0,0-0,0-0"
2345,TTEMSINGLES-----------SFNL000100----------,,"6-11,11-9,14-12,13-15,11-9,9-11,11-8"
2345,TTEWSINGLES-----------R32-000400----------,,"12-10,11-5,8-11,8-11,11-4,11-6,0-0"
2345,TTEWSINGLES-----------R256001100----------,,"11-4,11-9,11-3,11-5,0-0,0-0,0-0"
2345,TTEMSINGLES-----------8FNL000200----------,,"11-8,7-11,11-7,11-9,11-4,0-0,0-0"
2345,TTEWSINGLES-----------R32-001200----------,,"12-10,11-4,8-11,11-9,8-11,8-11,11-4"
2345,TTEMSINGLES-----------R128000800----------,,"11-7,9-11,11-6,6-11,4-11,14-12,8-11"
2345,TTEWSINGLES-----------R128000500----------,,"11-13,6-11,8-11,7-11,0-0,0-0,0-0"
2345,TTEWSINGLES-----------R64-000500----------,,"11-9,5-11,6-11,11-9,8-11,8-11,0-0"
2345,TTEMSINGLES-----------R256000500----------,,"11-2,11-6,7-11,11-5,11-8,0-0,0-0"
2345,TTEMSINGLES-----------R128000600----------,,"11-7,13-11,7-11,11-8,11-6,0-0,0-0"
2345,TTEMSINGLES-----------R64-000300----------,,"11-13,7-11,11-9,3-11,6-11,0-0,0-0"
2345,TTEMSINGLES-----------R128001100----------,,
2660,TTEWSINGLES-----------8FNL000400----------,,"7-11,12-14,9-11,1-11,0-0,0-0,0-0"
2660,TTEMSINGLES-----------R64-000700----------,,"9-11,11-7,7-11,11-8,11-9,15-13,0-0"
2696,TTEWSINGLES-----------R64-001500----------,"5-11,8-11,5-11,0-0,0-0","4-11,8-11,5-11,0-0,0-0"
2737,TTEMSINGLES-----------QFNL000200----------,,"11-6,13-11,7-11,11-8,0-0"
2893,TTEWSINGLES-----------R64-001000----------,,"10-12,5-11,7-11,0-0,0-0"
2893,TTEMSINGLES-----------QFNL000300----------,,"8-11,11-3,11-9,11-7,0-0"
2893,TTEWSINGLES-----------QFNL000100----------,,"11-5,11-5,11-4,0-0,0-0"
2568,TTEWSINGLES-----------RND1001400----------,"7-11,7-11,11-7,11-8,11-7","7-11,7-11,3-7,11-8,11-7"
2568,TTEWSINGLES-----------RND1001000----------,"8-11,11-6,11-5,3-11,5-11","6-11,11-6,11-5,3-11,5-11"
2568,TTEMSINGLES-----------RND1000400----------,"4-11,9-11,11-8,11-8,11-13","4-11,9-11,11-7,11-8,11-13"
2574,TTEMSINGLES-----------RND1001100----------,,"11-9,9-11,11-8,11-13,11-9"
2574,TTEMSINGLES-----------RND2000200----------,,"10-12,11-9,11-8,5-11,11-8"
2899,TTEMSINGLES-----------8FNL000400----------,,"11-8,6-11,6-11,6-11,0-0"
2605,TTEMSINGLES-----------R32-001400----------,"11-6,11-6,7-11,9-11,9-11","11-4,11-6,7-11,9-11,9-11"
2605,TTEMSINGLES-----------RND1001500----------,"7-11,7-11,11-5,11-5,6-11","7-11,7-11,11-5,9-5,6-11"
3031,TTEMSINGLES-----------GP01000300----------,"11-8,11-9,7-11,11-9,0-0","7-6,11-9,7-11,11-9,0-0"
2569,TTEMSINGLES-----------R64-000800----------,"7-11,8-11,8-11,7-11,0-0,0-0,0-0","6-8,8-11,6-11,7-11,0-0,0-0,0-0"
2873,TTEWSINGLES-----------RND3000800----------,"6-11,6-11,8-11,0-0,0-0","6-10,6-11,8-11,0-0,0-0"
2873,TTEMSINGLES-----------8FNL000600----------,"0-0,0-0,0-0,0-0,0-0","11-9,11-6,12-10,0-0,0-0"
2722,TTEMSINGLES-----------R32-001400----------,"9-11,7-11,11-2,13-11,3-11","9-11,7-11,2-0,13-11,3-11"
3098,TTEMSINGLES-----------RND2001000----------,"11-8,9-11,8-11,9-11,0-0","11-8,9-10,8-11,9-11,0-0"
3098,TTEMSINGLES-----------R64-002000----------,"6-11,11-9,13-11,11-9,0-0","6-11,8-7,13-11,11-9,0-0"
2410,TTEWSINGLES-----------RND4000800--,,"11-4,11-9,12-10"
2410,TTEMSINGLES-----------R32-000900--,,"11-7,11-4,11-8"
2410,TTEMSINGLES-----------RND1000700--,,"13-11,12-10,11-8"
2410,TTEWSINGLES-----------8FNL000400--,,"9-11,11-8,11-13,9-11"
2410,TTEMSINGLES-----------RND1003100--,,"11-7,9-11,11-7,11-8"
2410,TTEMSINGLES-----------RND1005000--,,"11-8,11-5,11-6"
2410,TTEMSINGLES-----------RND4000200--,,"11-9,11-5,11-7"
2410,TTEMSINGLES-----------RND1005100--,,"9-11,8-11,11-13"
2410,TTEWSINGLES-----------RND3000600--,,"3-11,7-11,11-8,9-11"
2410,TTEWSINGLES-----------RND1005000--,,"8-11,7-11,9-11"
2410,TTEWSINGLES-----------RND2002000--,,"8-11,11-7,8-11,13-11,5-11"
2410,TTEMSINGLES-----------R32-001500--,,"8-11,6-11,8-11"
2410,TTEMSINGLES-----------RND3000600--,,"11-6,8-11,14-16,4-11"
2410,TTEWSINGLES-----------R32-001400--,,"8-11,12-10,9-11,7-11"
2410,TTEMSINGLES-----------RND2003200--,,"11-9,5-11,14-12,7-11,13-11"
2410,TTEMSINGLES-----------RND1004300--,,"16-14,13-11,11-9"
2410,TTEMSINGLES-----------RND1000200--,,"12-10,13-15,6-11,11-7,11-8"
2410,TTEMSINGLES-----------RND2001300--,,"11-5,5-11,11-9,11-3"
2410,TTEMSINGLES-----------RND1004200--,,"11-7,7-11,12-10,11-1"
2410,TTEWSINGLES-----------RND2002400--,,"11-5,11-8,6-11,12-10"
2410,TTEMSINGLES-----------QFNL000200--,,"4-11,14-12,4-11,13-11,7-11"
2410,TTEWSINGLES-----------R32-000400--,,"10-12,11-8,5-11,5-11"
2410,TTEWSINGLES-----------RND2001200--,,"10-12,9-11,9-11"
2410,TTEMSINGLES-----------RND2000100--,,"11-6,11-13,9-11,13-15"
2410,TTEWSINGLES-----------RND1003100--,,"7-11,11-6,11-4,11-3"
2410,TTEWSINGLES-----------RND2000200--,,"11-9,15-13,11-4"
2410,TTEMSINGLES-----------RND3000100--,,"6-11,11-9,8-11,11-6,11-8"
2410,TTEWSINGLES-----------RND2002500--,,"12-10,14-12,11-8,0-0,0-0"
2410,TTEMSINGLES-----------8FNL000800--,,"11-9,7-11,5-11,4-11"
2410,TTEMSINGLES-----------R32-000400--,,"11-4,11-8,5-11,11-7"
2410,TTEMSINGLES-----------8FNL000100--,,"11-9,10-12,11-4,11-9"
2410,TTEWSINGLES-----------R32-000100--,,"8-11,11-8,11-9,10-12,11-4"
2410,TTEMSINGLES-----------RND1004700--,,"5-11,10-12,6-11"
2410,TTEWSINGLES-----------RND2001900--,,"10-12,7-11,11-9,10-12"
2410,TTEMSINGLES-----------RND2000200--,,"9-11,9-11,9-11"
2410,TTEWSINGLES-----------R32-000700--,,"5-11,9-11,6-11"
2410,TTEWSINGLES-----------R32-000200--,,"11-5,9-11,13-15,11-4,6-11"
2410,TTEMSINGLES-----------RND2002100--,,"11-8,11-3,9-11,7-11,11-7"
2410,TTEMSINGLES-----------RND2002000--,,"9-11,8-11,6-11"
2410,TTEMSINGLES-----------8FNL000700--,,"11-9,5-11,11-9,2-11,11-6"
2410,TTEWSINGLES-----------R32-000800--,,"8-11,11-8,5-11,11-7,11-9"
2410,TTEWSINGLES-----------R32-001300--,,"11-3,5-11,11-7,11-9"
2410,TTEMSINGLES-----------R32-001400--,,"11-4,11-6,10-12,11-5"
2410,TTEWSINGLES-----------RND2000700--,,"11-4,11-6,11-5"
2410,TTEMSINGLES-----------RND2001000--,,"13-11,7-11,7-11,13-11,11-8"
2410,TTEWSINGLES-----------RND4000600--,,"9-11,11-5,11-6,6-11,5-11"
2410,TTEMSINGLES-----------RND2000500--,,"5-11,11-9,11-9,11-8"
2410,TTEMSINGLES-----------RND1005500--,,"8-11,7-11,11-9,11-6,8-11"
2410,TTEWSINGLES-----------RND2000400--,,"11-7,11-3,11-8"
2410,TTEMSINGLES-----------R32-001600--,,"10-12,11-8,10-12,10-12"
2410,TTEMSINGLES-----------RND4000600--,,"9-11,7-11,11-3,11-7,10-12"
2410,TTEMSINGLES-----------RND1002300--,,"5-11,8-11,4-11"
2410,TTEWSINGLES-----------R32-001600--,,"12-10,7-11,11-8,11-3"
2410,TTEWSINGLES-----------RND1003900--,,"8-11,11-7,9-11,11-6,6-11"
2410,TTEWSINGLES-----------RND3000800--,,"8-11,11-6,7-11,9-11"
2410,TTEMSINGLES-----------RND1002700--,,"8-11,11-8,8-11,13-11,6-11"
2410,TTEWSINGLES-----------R32-000500--,,"11-6,11-6,11-7"
2410,TTEMSINGLES-----------RND2003000--,,"6-11,4-11,11-3,2-11"
2410,TTEMSINGLES-----------RND1005400--,,"12-10,11-8,11-5"
2410,TTEMSINGLES-----------RND2001700--,,"12-10,11-8,11-7"
2410,TTEWSINGLES-----------RND3000200--,,"11-2,11-6,13-11"
2410,TTEWSINGLES-----------RND2001500--,,"5-11,3-11,12-10,9-11"
2410,TTEMSINGLES-----------QFNL000100--,,"13-15,11-7,11-7,11-9"
2410,TTEWSINGLES-----------8FNL000500--,,"7-11,8-11,9-11"
2410,TTEWSINGLES-----------RND2001700--,,"11-9,11-9,14-16,11-4"
2410,TTEMSINGLES-----------RND1001500--,,"5-11,9-11,5-11"
2410,TTEMSINGLES-----------8FNL000600--,,"6-11,4-11,8-11"
2410,TTEWSINGLES-----------RND2001800--,,"8-11,9-11,11-13"
2410,TTEWSINGLES-----------RND3000500--,,"12-10,11-9,11-7"
2410,TTEWSINGLES-----------RND1001000--,,"11-7,9-11,9-11,4-11,0-0"
2410,TTEWSINGLES-----------R32-000600--,,"14-12,11-9,11-6"
2410,TTEMSINGLES-----------SFNL000200--,,"11-7,8-11,11-3,11-8,11-9"
2410,TTEWSINGLES-----------RND2002800--,,"5-11,4-11,7-11"
2410,TTEMSINGLES-----------8FNL000300--,,"11-6,11-7,11-9"
2410,TTEMSINGLES-----------RND1002200--,,"11-6,11-0"
2410,TTEWSINGLES-----------RND2000800--,,"9-11,5-11,4-11"
2410,TTEMSINGLES-----------RND3001000--,,"8-11,6-11,4-11"
2410,TTEWSINGLES-----------R32-000300--,,"8-11,11-7,4-11,9-11"
2410,TTEMSINGLES-----------R32-001100--,,"17-15,9-11,11-6,8-11,11-9"
2410,TTEMSINGLES-----------RND3000800--,,"8-11,7-11,9-11"
2410,TTEWSINGLES-----------RND3000300--,,"9-11,6-11,14-12,14-12,8-11"
2410,TTEWSINGLES-----------QFNL000400--,,"8-11,13-11,11-8,9-11,6-11"
2410,TTEMSINGLES-----------RND4000500--,,"11-2,11-7,14-12"
2410,TTEMSINGLES-----------RND4000800--,,"11-9,7-11,3-11,7-11"
2410,TTEMSINGLES-----------RND2001100--,,"11-8,11-1,11-9"
2410,TTEMSINGLES-----------R32-000800--,,"7-11,5-11,11-8,11-13"
2410,TTEWSINGLES-----------RND4000100--,,"11-5,12-10,11-9"
2410,TTEMSINGLES-----------RND1002600--,,"3-11,10-12,4-11"
2410,TTEWSINGLES-----------RND3000400--,,"11-6,11-9,4-11,9-11,11-8"
2410,TTEMSINGLES-----------RND2000800--,,"11-13,11-8,11-6,11-5"
2410,TTEMSINGLES-----------RND2002700--,,"8-11,13-15,3-11"
2410,TTEWSINGLES-----------RND2001000--,,"6-11,11-9,12-10,10-12,11-7"
2410,TTEWSINGLES-----------RND3001500--,,"11-8,11-4,11-1"
2410,TTEWSINGLES-----------QFNL000100--,,"11-8,12-10,11-9"
2410,TTEMSINGLES-----------RND1004600--,,"11-9,11-9,11-8,0-0,0-0"
2410,TTEWSINGLES-----------SFNL000100--,,"11-13,11-7,11-9,11-5,13-11"
2410,TTEMSINGLES-----------RND2002300--,,"13-11,11-9,12-10"
2410,TTEWSINGLES-----------RND2002200--,,"11-6,11-7,9-11,8-11,7-11"
2410,TTEMSINGLES-----------RND2001400--,,"8-11,5-11,6-11"
2410,TTEMSINGLES-----------R32-000600--,,"9-11,6-11,12-10,6-11"
2410,TTEWSINGLES-----------QFNL000300--,,"8-11,11-5,11-8,8-11,3-11"
2410,TTEWSINGLES-----------8FNL000100--,,"11-7,11-4,11-9"
2410,TTEMSINGLES-----------R32-000500--,,"11-8,4-11,11-9,11-8"
2410,TTEMSINGLES-----------FNL-000100--,,"11-7,14-12,12-10,6-11,11-6"
2410,TTEWSINGLES-----------RND2002900--,,"11-8,11-3,9-11,13-11"
2410,TTEMSINGLES-----------RND2000700--,,"11-5,12-10,11-6"
2410,TTEMSINGLES-----------RND3001100--,,"11-7,11-9,6-11,11-3"
2410,TTEWSINGLES-----------RND2001300--,,"11-7,11-7,11-5"
2410,TTEWSINGLES-----------RND1001800--,,"7-11,6-11,7-11,0-0,0-0"
2410,TTEWSINGLES-----------RND1002600--,,"11-7,8-11,11-7,11-2"
2410,TTEWSINGLES-----------RND3001000--,,"12-10,6-11,8-11,11-6,12-10"
2410,TTEWSINGLES-----------8FNL000200--,,"11-4,11-5,11-2"
2410,TTEWSINGLES-----------RND2001100--,,"11-8,11-8,11-7"
2410,TTEMSINGLES-----------RND4000100--,,"4-11,7-11,3-11"
2410,TTEMSINGLES-----------R32-000200--,,"11-6,5-11,13-11,11-9"
2410,TTEWSINGLES-----------RND3001200--,,"14-12,11-8,11-6"
2410,TTEMSINGLES-----------RND1001900--,,"11-6,11-9,15-13"
2410,TTEMSINGLES-----------8FNL000200--,,"11-6,13-11,9-11,4-11,11-8"
2410,TTEMSINGLES-----------RND1005900--,,"10-12,5-11,11-13"
2410,TTEMSINGLES-----------8FNL000400--,,"11-9,9-11,13-15,4-11"
2410,TTEMSINGLES-----------8FNL000500--,,"10-12,12-10,12-10,4-11,11-6"
2410,TTEMSINGLES-----------RND2002600--,,"11-7,5-11,8-11,6-11"
2410,TTEWSINGLES-----------8FNL000700--,,"11-8,10-12,11-4,11-4"
2410,TTEMSINGLES-----------RND2002800--,,"9-11,11-4,6-11,11-9,11-8"
2410,TTEWSINGLES-----------RND2000100--,,"11-7,11-7,11-5"
2410,TTEMSINGLES-----------RND1001000--,,"12-14,7-11,6-11"
2410,TTEWSINGLES-----------SFNL000200--,,"11-6,11-6,11-6,17-15"
2410,TTEMSINGLES-----------RND3001500--,,"11-6,11-7,11-3"
2410,TTEMSINGLES-----------R32-001000--,,"11-0,11-0,11-0,0-0,0-0"
2410,TTEMSINGLES-----------RND2002500--,,"11-9,7-11,4-11,7-11"
2410,TTEWSINGLES-----------RND4000200--,,"9-11,11-8,11-8,3-11,11-7"
2410,TTEWSINGLES-----------RND2001600--,,"6-11,9-11,4-11,0-0,0-0"
2410,TTEMSINGLES-----------RND1003400--,,"6-11,4-11,5-11"
2410,TTEWSINGLES-----------RND2002300--,,"6-11,8-11,7-11,0-0,0-0"
2410,TTEMSINGLES-----------R32-001300--,,"11-8,11-7,11-7"
2410,TTEMSINGLES-----------RND4000700--,,"10-12,11-9,11-7,9-11,6-11"
2410,TTEWSINGLES-----------RND2000300--,,"11-6,11-7,11-5"
2410,TTEMSINGLES-----------RND1001800--,,"7-11,5-11,11-8,11-6,11-7"
2410,TTEWSINGLES-----------RND1001500--,,"11-1,11-3,11-6"
2410,TTEMSINGLES-----------RND2000600--,,"12-14,6-11,4-11"
2410,TTEMSINGLES-----------RND2001900--,,"11-3,11-8,11-8"
2410,TTEWSINGLES-----------8FNL000800--,,"8-11,11-8,11-1,11-9"
2410,TTEMSINGLES-----------RND3000900--,,"8-11,3-11,4-11"
2410,TTEWSINGLES-----------R32-001100--,,"11-8,8-11,10-12,11-5,9-11"
2410,TTEMSINGLES-----------RND1006300--,,"12-10,11-7,12-10"
2410,TTEMSINGLES-----------R32-000700--,,"11-9,11-13,14-12,12-10"
2410,TTEWSINGLES-----------RND4000400--,,"8-11,6-11,14-12,11-8,11-7"
2410,TTEWSINGLES-----------RND4000300--,,"7-11,11-5,11-6,7-11,11-9"
2410,TTEMSINGLES-----------R32-000100--,,"11-9,11-5,11-6"
2410,TTEWSINGLES-----------RND2003200--,,"6-11,11-9,8-11,6-11"
2410,TTEMSINGLES-----------RND1005800--,,"11-5,11-7,11-7"
2410,TTEMSINGLES-----------RND2001500--,,"8-11,12-10,11-9,6-11,11-9"
2410,TTEMSINGLES-----------RND3000500--,,"10-12,12-10,7-11,11-6,7-11"
2410,TTEWSINGLES-----------RND2003100--,,"7-11,4-11,6-11"
2410,TTEWSINGLES-----------RND3001100--,,"11-5,11-5,11-6"
2410,TTEWSINGLES-----------RND3000100--,,"11-7,11-8,11-5"
2410,TTEMSINGLES-----------RND3000400--,,"11-9,11-7,9-11,8-11,2-11"
2410,TTEMSINGLES-----------RND2002400--,,"6-11,6-11,10-12"
2410,TTEMSINGLES-----------R32-001200--,,"11-9,10-12,17-15,9-11,6-11"
2410,TTEWSINGLES-----------RND3001400--,,"11-9,8-11,7-11,15-17"
2410,TTEMSINGLES-----------RND1000600--,,"8-11,6-11,11-8,5-11"
2410,TTEMSINGLES-----------RND1003800--,,"6-11,7-11,8-11"
2410,TTEWSINGLES-----------FNL-000100--,,"11-9,11-8,6-11,9-11,11-9,11-6"
2410,TTEWSINGLES-----------RND3000900--,,"7-11,7-11,4-11"
2410,TTEWSINGLES-----------RND2002700--,,"11-3,11-5,11-13,11-6"
2410,TTEMSINGLES-----------RND3000300--,,"11-5,7-11,9-11,11-9,11-9"
2410,TTEMSINGLES-----------SFNL000100--,,"11-8,11-6,9-11,4-11,3-11,7-11"
2410,TTEWSINGLES-----------RND2001400--,,"9-11,10-12,7-11"
2410,TTEWSINGLES-----------RND1003400--,,"2-11,2-11,2-11"
2410,TTEMSINGLES-----------QFNL000400--,,"6-11,8-11,11-7,11-5,11-8"
2410,TTEMSINGLES-----------RND3001600--,,"11-4,9-11,1-11,11-9,8-11"
2410,TTEWSINGLES-----------RND1006300--,,"4-11,10-12,11-8,5-11"
2410,TTEWSINGLES-----------RND4000700--,,"5-11,6-11,14-12,5-11"
2410,TTEMSINGLES-----------RND2001600--,,"11-5,6-11,4-11,4-11"
2410,TTEMSINGLES-----------RND2002900--,,"11-6,11-13,11-5,12-10"
2410,TTEWSINGLES-----------8FNL000300--,,"4-11,11-6,6-11,11-7,10-12"
2410,TTEMSINGLES-----------RND4000300--,,"12-10,10-12,3-11,11-5,11-4"
2410,TTEWSINGLES-----------RND2003000--,,"11-5,11-9,11-13,11-8"
2410,TTEMSINGLES-----------RND2000300--,,"11-8,10-12,9-11,8-11"
2410,TTEWSINGLES-----------RND1004700--,,"8-11,2-11,7-11"
2410,TTEMSINGLES-----------RND2000400--,,"6-11,14-16,11-8,12-10,11-8"
2410,TTEMSINGLES-----------QFNL000300--,,"8-11,9-11,17-15,9-11"
2410,TTEWSINGLES-----------RND2000500--,,"11-9,6-11,2-11,8-11"
2410,TTEMSINGLES-----------RND3000700--,,"6-11,11-9,8-11,5-11"
2410,TTEMSINGLES-----------RND2000900--,,"6-11,11-5,11-9,11-8"
2410,TTEMSINGLES-----------RND3001400--,,"11-6,11-3,11-4"
2410,TTEWSINGLES-----------RND3001600--,,"8-11,11-2,8-11,6-11"
2410,TTEMSINGLES-----------RND2001200--,,"11-8,7-11,8-11,3-11"
2410,TTEMSINGLES-----------RND3000200--,,"9-11,11-7,6-11,6-11"
2410,TTEWSINGLES-----------R32-001500--,,"7-11,11-13,5-11"
2410,TTEMSINGLES-----------RND2003100--,,"11-5,2-11,11-4,11-5"
2410,TTEMSINGLES-----------RND1003900--,,"13-11,6-11,5-11,6-11"
2410,TTEWSINGLES-----------R32-001200--,,"8-11,11-8,11-8,8-11,6-11"
2410,TTEWSINGLES-----------RND3001300--,,"11-7,15-13,11-8"
2410,TTEMSINGLES-----------RND3001200--,,"11-5,11-7,11-13,9-11,6-11"
2410,TTEWSINGLES-----------QFNL000200--,,"12-10,11-6,11-2"
2410,TTEMSINGLES-----------RND1001100--,,"12-10,10-12,11-7,11-5"
2410,TTEWSINGLES-----------RND1005500--,,"11-2,11-5,11-9"
2410,TTEMSINGLES-----------RND4000400--,,"5-11,6-11,11-7,10-12"
2410,TTEWSINGLES-----------R32-000900--,,"5-11,11-9,7-11,11-7,7-11"
2410,TTEWSINGLES-----------8FNL000600--,,"12-10,9-11,11-7,6-11,11-4"
2410,TTEMSINGLES-----------RND2002200--,,"11-4,11-9,8-11,11-2"
2410,TTEWSINGLES-----------RND4000500--,,"7-11,9-11,12-10,11-5,11-7"
2410,TTEMSINGLES-----------R32-000300--,,"8-11,10-12,14-12,11-5,4-11"
2410,TTEMSINGLES-----------RND3001300--,,"5-11,4-11,11-5,3-11"
2410,TTEWSINGLES-----------RND2000600--,,"9-11,4-11,4-11"
2410,TTEWSINGLES-----------R32-001000--,,"6-11,11-9,11-6,11-6"
2410,TTEWSINGLES-----------RND2002100--,,"5-11,9-11,8-11"
2410,TTEWSINGLES-----------RND3000700--,,"10-12,7-11,7-11"
2410,TTEWSINGLES-----------RND2002600--,,"11-8,9-11,3-11,8-11"
2410,TTEWSINGLES-----------RND2000900--,,"11-8,9-11,11-6,11-6"
2410,TTEWSINGLES-----------RND1000200--,,"9-11,7-11,9-11"
2410,TTEMSINGLES-----------RND2001800--,,"11-8,8-11,5-11,11-8,8-11"
2410,TTEMSINGLES-----------RND2001100----------,,"11-8,11-1,11-9"
2615,TTEMSINGLES-----------QFNL000300----------,"11-3,11-9,13-15,9-11,11-7,4-11,5-11","11-3,11-9,13-15,9-11,11-7,4-11,4-11"
2700,TTEMSINGLES-----------R64-002800----------,,"7-11,9-11,11-13,0-0,0-0"
3121,TTEWSINGLES-----------GP04000100----------,"8-11,11-7,11-7,8-11,11-9","8-11,11-7,2-1,8-11,11-9"
3121,TTEWSINGLES-----------GP02000300----------,"12-10,9-11,11-8,8-11,11-5","12-10,9-11,11-7,8-9,11-5"
2541,TTEMSINGLES-----------R64-001300----------,"12-10,10-12,7-11,9-11,13-15,0-0,0-0","12-10,10-12,7-11,7-11,13-15,0-0,0-0"
2541,TTEWSINGLES-----------R32-001600----------,"9-11,11-9,7-11,11-9,8-11,7-11,0-0","9-11,11-8,7-11,11-9,8-11,7-11,0-0"
2541,TTEMSINGLES-----------FNL-000100----------,,"11-7,11-7,18-16,8-11,11-7,0-0,0-0"
2541,TTEWSINGLES-----------FNL-000100----------,"11-6,2-11,11-13,5-11,12-14,0-0,0-0","11-6,2-11,11-13,5-11,12-14"
2541,TTEMSINGLES-----------R64-001600----------,"12-10,7-11,11-9,8-11,11-4,11-8,0-0","12-10,7-10,11-9,8-11,11-4,11-8,0-0"
2234,TTEWSINGLES-----------R32-000400----------,"9-11,10-12,14-16,3-11,0-0,0-0,0-0","9-11,10-12,14-13,3-11,0-0,0-0,0-0"
2702,TTEWSINGLES-----------R64-001000----------,"6-11,3-11,7-11,0-0,0-0","5-11,3-11,7-11,0-0,0-0"
2411,TTEMSINGLES-----------RND3000400--,,"13-11,11-5,10-12,12-10"
2411,TTEWSINGLES-----------RND1003000--,,"11-4,11-6,11-7"
2411,TTEWSINGLES-----------RND1000300--,,"11-9,11-7,11-6"
2411,TTEMSINGLES-----------RND1003000--,,"11-13,9-11,14-12,11-9,11-8"
2411,TTEWSINGLES-----------RND1001800--,,"11-4,11-4,11-1"
2411,TTEWSINGLES-----------RND2001200--,,"11-4,12-10,7-11,11-8"
2411,TTEMSINGLES-----------RND2000200--,,"8-11,8-11,12-10,10-12"
2411,TTEMSINGLES-----------SFNL000200--,,"11-9,9-11,11-4,8-11,11-5,11-7"
2411,TTEWSINGLES-----------R32-001300--,,"11-9,11-9,11-7"
2411,TTEWSINGLES-----------RND3000500--,,"4-11,8-11,11-7,11-9,9-11"
2411,TTEWSINGLES-----------RND2001600--,,"2-11,8-11,6-11"
2411,TTEMSINGLES-----------R64-003000--,,"11-3,11-6,9-11,11-8"
2411,TTEMSINGLES-----------RND1001700--,,"11-6,10-12,6-11,11-8,11-9"
2411,TTEWSINGLES-----------RND1000700--,,"12-10,7-11,7-11,11-9,6-11"
2411,TTEMSINGLES-----------RND2000600--,,"11-13,11-8,5-11,11-9,11-8"
2411,TTEMSINGLES-----------8FNL000400--,,"9-11,8-11,6-11"
2411,TTEMSINGLES-----------RND2001400--,,"8-11,13-15,8-11"
2411,TTEMSINGLES-----------RND1001300--,,"3-11,8-11,6-11"
2411,TTEWSINGLES-----------R64-001800--,,"9-11,10-12,8-11,0-0,0-0"
2411,TTEMSINGLES-----------RND3000800--,,"9-11,7-11,10-12"
2411,TTEMSINGLES-----------RND3000100--,,"10-12,11-7,11-6,11-8"
2411,TTEWSINGLES-----------RND1001000--,,"11-7,5-11,11-9,10-12,7-11"
2411,TTEMSINGLES-----------RND1001000--,,"11-0,11-0,11-0,0-0,0-0"
2411,TTEWSINGLES-----------SFNL000100--,,"11-5,17-15,9-11,11-5,15-13"
2411,TTEMSINGLES-----------R64-000300--,,"9-11,4-11,11-8,8-11,0-0"
2411,TTEMSINGLES-----------R64-002600--,,"11-8,7-11,14-12,11-5"
2411,TTEWSINGLES-----------RND2001300--,,"11-9,11-8,11-9,0-0,0-0"
2411,TTEWSINGLES-----------RND1000600--,,"7-11,9-11,5-11"
2411,TTEWSINGLES-----------R64-000600--,,"5-11,6-11,11-5,11-9,11-4"
2411,TTEWSINGLES-----------R32-000500--,,"11-7,11-5,11-13,11-9"
2411,TTEWSINGLES-----------R32-000600--,,"11-3,11-7,10-12,11-8"
2411,TTEWSINGLES-----------R32-000800--,,"12-14,3-11,7-11"
2411,TTEWSINGLES-----------QFNL000300--,,"13-15,11-7,11-6,8-11,12-14"
2411,TTEWSINGLES-----------FNL-000100--,,"10-12,12-10,11-7,11-8,11-6"
2411,TTEWSINGLES-----------R64-002700--,,"11-6,11-8,11-8"
2411,TTEWSINGLES-----------R64-000300--,,"11-9,8-11,10-12,10-12"
2411,TTEWSINGLES-----------8FNL000700--,,"11-8,11-8,10-12,8-11,11-9"
2411,TTEWSINGLES-----------R64-001100--,,"11-5,9-11,6-11,3-11,0-0"
2411,TTEMSINGLES-----------R64-001900--,,"8-11,12-10,11-9,11-7,0-0"
2411,TTEMSINGLES-----------R32-000900--,,"8-11,11-6,4-11,6-11"
2411,TTEMSINGLES-----------R32-000500--,,"8-11,9-11,7-11"
2411,TTEMSINGLES-----------R32-001100--,,"11-9,12-10,11-4"
2411,TTEMSINGLES-----------RND2000700--,,"11-5,11-7,13-11"
2411,TTEMSINGLES-----------FNL-000100--,,"11-9,11-9,12-14,11-5,7-11,11-8"
2411,TTEMSINGLES-----------R64-001500--,,"10-12,8-11,11-6,8-11"
2411,TTEMSINGLES-----------RND3000200--,,"10-12,1-11,6-11"
2411,TTEMSINGLES-----------R64-002300--,,"11-6,11-6,8-11,7-11,11-9"
2411,TTEWSINGLES-----------QFNL000200--,,"11-7,7-11,7-11,5-11"
2411,TTEWSINGLES-----------R32-000300--,,"9-11,8-11,11-2,12-10,7-11"
2411,TTEMSINGLES-----------RND1001800--,,"6-11,10-12,11-7,14-16"
2411,TTEWSINGLES-----------RND1002500--,,"9-11,9-11,11-7,6-11"
2411,TTEWSINGLES-----------RND1001300--,,"10-12,11-9,11-6,11-2"
2411,TTEMSINGLES-----------RND2000400--,,"9-11,11-9,9-11,10-12"
2411,TTEWSINGLES-----------RND1002900--,,"6-11,5-11,11-9,6-11"
2411,TTEMSINGLES-----------RND2001100--,,"10-12,10-12,11-8,11-6,9-11"
2411,TTEMSINGLES-----------R64-003100--,,"9-11,9-11,11-13,0-0,0-0"
2411,TTEMSINGLES-----------R32-000300--,,"4-11,4-11,5-11"
2411,TTEMSINGLES-----------8FNL000100--,,"11-4,13-11,11-7"
2411,TTEMSINGLES-----------RND1003100--,,"8-11,11-9,11-8,11-8"
2411,TTEMSINGLES-----------RND1001500--,,"11-9,6-11,10-12,11-7,7-11"
2411,TTEMSINGLES-----------R32-000800--,,"8-11,5-11,2-11"
2411,TTEMSINGLES-----------QFNL000400--,,"11-7,4-11,11-5,8-11,15-17"
2411,TTEMSINGLES-----------RND1002900--,,"6-11,8-11,5-11"
2411,TTEWSINGLES-----------RND3000300--,,"8-11,8-11,11-9,11-5,11-7"
2411,TTEWSINGLES-----------R64-000200--,,"5-11,9-11,9-11,0-0,0-0"
2411,TTEWSINGLES-----------RND1001100--,,"8-11,3-11,5-11"
2411,TTEMSINGLES-----------RND2000900--,,"11-5,8-11,8-11,13-11,9-11"
2411,TTEWSINGLES-----------RND1001600--,,"6-11,8-11,7-11"
2411,TTEMSINGLES-----------RND1000800--,,"5-11,6-11,11-6,6-11"
2411,TTEMSINGLES-----------RND1002600--,,"12-10,11-9,11-13,11-9"
2411,TTEWSINGLES-----------R32-000700--,,"7-11,11-8,3-11,9-11"
2411,TTEMSINGLES-----------QFNL000300--,,"11-3,13-11,11-9"
2411,TTEMSINGLES-----------RND1000400--,,"8-11,12-10,4-11,11-8,11-5"
2411,TTEWSINGLES-----------RND3000800--,,"10-12,4-11,2-11"
2411,TTEWSINGLES-----------RND1002200--,,"4-11,6-11,11-8,11-13"
2411,TTEMSINGLES-----------R64-000600--,,"11-4,13-11,4-11,11-9,0-0"
2411,TTEMSINGLES-----------R32-001200--,,"11-9,7-11,6-11,3-11"
2411,TTEWSINGLES-----------8FNL000300--,,"4-11,11-13,11-4,7-11"
2411,TTEWSINGLES-----------RND1002600--,,"11-13,4-11,7-11"
2411,TTEWSINGLES-----------RND2000600--,,"5-11,11-13,7-11,0-0,0-0"
2411,TTEMSINGLES-----------R32-000100--,,"11-4,11-5,11-8"
2411,TTEMSINGLES-----------8FNL000700--,,"11-6,11-7,11-6"
2411,TTEMSINGLES-----------RND2001300--,,"11-9,11-8,11-13,2-11,11-6"
2411,TTEMSINGLES-----------RND1001900--,,"11-7,8-11,13-11,11-8"
2411,TTEWSINGLES-----------RND3000600--,,"4-11,7-11,9-11"
2411,TTEWSINGLES-----------R32-000100--,,"11-7,11-6,11-7"
2411,TTEMSINGLES-----------RND2001200--,,"7-11,12-14,8-11"
2411,TTEWSINGLES-----------RND2000400--,,"11-2,11-8,11-4,0-0,0-0"
2411,TTEMSINGLES-----------RND2001600--,,"7-11,11-3,5-11,11-5,11-8"
2411,TTEMSINGLES-----------R64-001000--,,"11-7,13-11,12-14,11-5"
2411,TTEMSINGLES-----------R64-002200--,,"9-11,11-8,8-11,11-9,13-11"
2411,TTEMSINGLES-----------RND1000500--,,"5-11,7-11,11-9,5-11"
2411,TTEWSINGLES-----------RND1002000--,,"8-11,10-12,6-11"
2411,TTEMSINGLES-----------RND3000300--,,"8-11,8-11,11-8,11-6,9-11"
2411,TTEMSINGLES-----------R32-000400--,,"14-16,11-6,8-11,13-11,11-13"
2411,TTEMSINGLES-----------RND1002200--,,"11-3,5-11,11-5,11-6"
2411,TTEMSINGLES-----------RND1001600--,,"11-9,11-8,11-5"
2411,TTEWSINGLES-----------R32-001600--,,"9-11,5-11,12-14"
2411,TTEMSINGLES-----------8FNL000200--,,"11-6,5-11,9-11,3-11"
2411,TTEWSINGLES-----------R32-001400--,,"19-17,4-11,9-11,9-11"
2411,TTEMSINGLES-----------R64-001100--,,"14-16,7-11,9-11"
2411,TTEWSINGLES-----------RND2001100--,,"11-3,9-11,11-13,11-8,10-12"
2411,TTEMSINGLES-----------RND2000100--,,"8-11,10-12,11-6,11-9,11-3"
2411,TTEMSINGLES-----------RND2000300--,,"4-11,7-11,3-11"
2411,TTEMSINGLES-----------R32-001400--,,"2-11,3-11,7-11"
2411,TTEMSINGLES-----------RND2000500--,,"11-4,11-9,11-8"
2411,TTEMSINGLES-----------RND1002400--,,"5-11,11-8,3-11,12-10,10-12"
2411,TTEWSINGLES-----------R32-001200--,,"11-2,5-11,11-13,2-11"
2411,TTEMSINGLES-----------R64-001800--,,"7-11,7-11,12-10,5-11,0-0"
2411,TTEWSINGLES-----------RND3000400--,,"11-5,11-4,8-11,11-8"
2411,TTEMSINGLES-----------RND1002300--,,"11-6,9-11,11-3,11-7"
2411,TTEMSINGLES-----------SFNL000100--,,"8-11,11-8,11-8,11-13,11-7,11-7"
2411,TTEMSINGLES-----------R32-000700--,,"10-12,11-3,7-11,11-7,9-11"
2411,TTEWSINGLES-----------RND2000100--,,"6-11,3-11,4-11,0-0,0-0"
2411,TTEMSINGLES-----------RND3000500--,,"11-8,11-9,11-4"
2411,TTEWSINGLES-----------R32-001100--,,"11-9,11-8,11-3"
2411,TTEWSINGLES-----------R64-001400--,,"12-10,8-11,7-11,12-10,11-6"
2411,TTEWSINGLES-----------RND1002100--,,"11-7,10-12,6-11,5-11"
2411,TTEWSINGLES-----------R64-001900--,,"11-6,4-11,11-6,12-10,0-0"
2411,TTEWSINGLES-----------8FNL000200--,,"13-11,7-11,5-11,6-11"
2411,TTEWSINGLES-----------R64-001000--,,"11-13,6-11,8-11,0-0,0-0"
2411,TTEMSINGLES-----------RND3000600--,,"11-9,11-7,8-11,12-10"
2411,TTEWSINGLES-----------RND3000100--,,"8-11,7-11,8-11"
2411,TTEWSINGLES-----------RND2000500--,,"8-11,8-11,9-11,0-0,0-0"
2411,TTEMSINGLES-----------RND1002800--,,"6-11,9-11,5-11"
2411,TTEMSINGLES-----------RND1000600--,,"6-11,11-9,9-11,11-7,6-11"
2411,TTEMSINGLES-----------RND1002000--,,"17-15,11-6,11-8"
2411,TTEMSINGLES-----------RND1002500--,,"1-11,0-11,0-11"
2411,TTEWSINGLES-----------R64-003000--,,"8-11,11-3,11-8,11-7,0-0"
2411,TTEWSINGLES-----------RND2000700--,,"11-7,12-10,11-6"
2411,TTEWSINGLES-----------RND1001500--,,"12-14,6-11,7-11"
2411,TTEMSINGLES-----------RND1000900--,,"12-10,11-9,7-11,11-7"
2411,TTEWSINGLES-----------RND1000800--,,"16-14,11-4,4-11,7-11,11-6"
2411,TTEMSINGLES-----------8FNL000800--,,"8-11,6-11,12-10,11-7,13-11"
2411,TTEMSINGLES-----------RND1001200--,,"8-11,11-4,12-14,11-3,11-8"
2411,TTEWSINGLES-----------R64-002600--,,"9-11,13-11,11-4,11-7"
2411,TTEMSINGLES-----------RND3000700--,,"11-9,11-8,7-11,11-9"
2411,TTEMSINGLES-----------RND1000700--,,"11-4,6-11,11-7,9-11,6-11"
2411,TTEWSINGLES-----------RND1001400--,,"11-6,11-1,11-1"
2411,TTEWSINGLES-----------R32-001500--,,"11-9,11-6,4-11,11-8"
2411,TTEMSINGLES-----------RND1001400--,,"11-3,6-11,12-10,7-11,6-11"
2411,TTEMSINGLES-----------8FNL000600--,,"11-7,5-11,5-11,13-15"
2411,TTEWSINGLES-----------RND2001500--,,"8-11,6-11,4-11"
2411,TTEWSINGLES-----------RND1003100--,,"8-11,11-8,6-11,3-11"
2411,TTEMSINGLES-----------QFNL000200--,,"11-8,12-10,13-15,10-12,9-11"
2411,TTEMSINGLES-----------8FNL000500--,,"11-8,11-7,11-8"
2411,TTEWSINGLES-----------R64-001500--,,"8-11,11-7,11-3,6-11,11-4"
2411,TTEMSINGLES-----------RND1002100--,,"11-4,7-11,11-8,6-11,11-9"
2411,TTEMSINGLES-----------R32-000200--,,"6-11,9-11,11-1,7-11"
2411,TTEMSINGLES-----------R32-000600--,,"10-12,11-5,11-5,11-4"
2411,TTEMSINGLES-----------RND1003200--,,"10-12,10-12,8-11"
2411,TTEWSINGLES-----------RND1002700--,,"11-7,3-11,7-11,11-8,14-16"
2411,TTEMSINGLES-----------RND1000300--,,"11-5,11-5,10-12,11-8"
2411,TTEWSINGLES-----------RND1000200--,,"6-11,11-3,11-4,11-5,0-0"
2411,TTEWSINGLES-----------QFNL000100--,,"11-6,9-11,11-8,11-8"
2411,TTEMSINGLES-----------R64-000200--,,"9-11,7-11,11-7,11-4,11-4"
2411,TTEMSINGLES-----------8FNL000300--,,"3-11,5-11,9-11"
2411,TTEMSINGLES-----------R32-001300--,,"12-14,11-3,7-11,11-2,11-13"
2411,TTEWSINGLES-----------R64-003100--,,"11-9,7-11,5-11,4-11,0-0"
2411,TTEWSINGLES-----------8FNL000400--,,"7-11,6-11,11-9,5-11"
2411,TTEWSINGLES-----------R64-002200--,,"6-11,8-11,4-11,0-0,0-0"
2411,TTEWSINGLES-----------R32-000900--,,"11-8,8-11,11-8,7-11,11-7"
2411,TTEMSINGLES-----------RND1001100--,,"11-9,5-11,11-5,11-6"
2411,TTEMSINGLES-----------R64-000700--,,"11-7,11-7,9-11,8-11,11-7"
2411,TTEWSINGLES-----------R32-001000--,,"4-11,7-11,11-9,13-11,11-4"
2411,TTEMSINGLES-----------RND2001500--,,"9-11,11-9,11-6,11-5"
2411,TTEWSINGLES-----------R32-000400--,,"13-11,4-11,7-11,11-4,7-11"
2411,TTEWSINGLES-----------SFNL000200--,,"8-11,4-11,3-11,5-11"
2411,TTEMSINGLES-----------RND2001000--,,"11-9,7-11,9-11,7-11"
2411,TTEMSINGLES-----------QFNL000100--,,"11-7,11-8,11-9"
2411,TTEWSINGLES-----------RND2001400--,,"7-11,5-11,11-6,11-13"
2411,TTEWSINGLES-----------8FNL000600--,,"13-11,11-9,12-10"
2411,TTEWSINGLES-----------RND2000900--,,"11-6,11-8,12-14,11-5,0-0"
2411,TTEWSINGLES-----------RND2001000--,,"11-5,11-6,11-6,0-0,0-0"
2411,TTEWSINGLES-----------RND1001200--,,"11-8,11-4,14-12"
2411,TTEWSINGLES-----------RND1002300--,,"6-11,11-9,6-11,5-11"
2411,TTEWSINGLES-----------RND2000200--,,"9-11,6-11,11-5,11-9,11-9"
2411,TTEWSINGLES-----------RND2000800--,,"8-11,5-11,12-14,0-0,0-0"
2411,TTEWSINGLES-----------R64-002300--,,"9-11,11-6,11-6,11-5"
2411,TTEWSINGLES-----------RND2000300--,,"11-5,11-3,11-3"
2411,TTEMSINGLES-----------R64-002700--,,"11-8,11-3,11-4"
2411,TTEWSINGLES-----------R64-000700--,,"11-8,4-11,2-11,12-10,7-11"
2411,TTEMSINGLES-----------R32-001600--,,"10-12,9-11,8-11"
2411,TTEWSINGLES-----------8FNL000800--,,"11-9,9-11,11-9,11-8"
2411,TTEMSINGLES-----------RND1000200--,,"9-11,4-11,4-11"
2411,TTEWSINGLES-----------RND3000200--,,"11-4,7-11,11-8,11-7"
2411,TTEWSINGLES-----------RND3000700--,,"9-11,12-10,9-11,11-8,14-12"
2411,TTEMSINGLES-----------RND1000100--,,"11-7,11-7,11-4"
2411,TTEMSINGLES-----------RND2000800--,,"11-13,14-16,11-9,8-11"
2411,TTEWSINGLES-----------8FNL000100--,,"12-10,11-5,11-8"
2411,TTEMSINGLES-----------R64-001400--,,"11-8,8-11,7-11,1-11"
2411,TTEWSINGLES-----------RND1000500--,,"7-11,5-11,12-10,11-6,11-9"
2411,TTEMSINGLES-----------RND1002700--,,"14-16,9-11,4-11"
2411,TTEMSINGLES-----------R32-001500--,,"8-11,6-11,7-11"
2411,TTEMSINGLES-----------R32-001000--,,"7-11,6-11,6-11"
2411,TTEWSINGLES-----------RND1000400--,,"11-9,11-3,11-6"
2411,TTEWSINGLES-----------R32-000200--,,"11-5,8-11,11-4,9-11,11-3"
2411,TTEWSINGLES-----------RND1002800--,,"11-8,11-5,11-7"
2411,TTEWSINGLES-----------RND1001900--,,"10-12,1-11,5-11"
2411,TTEWSINGLES-----------QFNL000400--,,"12-10,12-14,11-5,7-11,11-6"
2411,TTEWSINGLES-----------8FNL000500--,,"11-13,9-11,11-8,5-11"
2703,TTEWSINGLES-----------RND1000700----------,"8-11,14-12,12-14,11-5,4-11","8-10,14-12,12-14,11-5,4-11"
2703,TTEMSINGLES-----------RND3000200----------,"8-11,9-11,11-8,9-11,0-0","8-11,9-11,11-7,9-11,0-0"
2703,TTEMSINGLES-----------R64-002700----------,"4-11,5-11,11-9,11-8,11-9","4-11,5-11,11-9,11-8,11-8"
2703,TTEMSINGLES-----------RND3000500----------,"8-11,7-11,4-11,0-0,0-0","8-11,6-10,4-11,0-0,0-0"
2519,TTEWSINGLES-----------R32-000800----------,"7-11,2-11,11-6,6-11,10-12,0-0,0-0","1-11,2-11,6-6,6-11,10-12,0-0,0-0"
2519,TTEWSINGLES-----------8FNL000500----------,"3-11,9-11,8-11,11-8,11-7,11-9,8-11","3-7,9-11,8-11,11-8,11-7,11-9,8-11"
2519,TTEWSINGLES-----------8FNL000700----------,"10-12,11-9,10-12,11-6,11-7,11-9,0-0","8-12,11-9,10-12,11-6,11-7,11-9,0-0"
2519,TTEMSINGLES-----------QFNL000300----------,"11-7,11-1,11-4,11-7,0-0,0-0,0-0","11-7,8-1,11-4,11-7,0-0,0-0,0-0"
2900,TTEMSINGLES-----------R32-000700----------,"11-4,11-0,11-0,0-0,0-0","4-11,0-11,0-11,0-0,0-0"
3088,TTEMSINGLES-----------R32-001000----------,"11-4,8-11,8-11,10-12,0-0","0-0,8-11,8-11,10-12,0-0"
3088,TTEMSINGLES-----------R32-000700----------,"7-11,11-8,8-11,9-11,0-0","7-11,9-7,8-11,9-11,0-0"
2789,TTEWSINGLES-----------R64-001800----------,"12-10,7-11,5-11,11-7,11-5,11-9,0-0","12-10,7-11,5-10,11-7,11-5,11-9,0-0"
2694,TTEMSINGLES-----------QFNL000300----------,,"10-12,11-6,5-11,11-3,3-11"
2694,TTEWSINGLES-----------R32-000700----------,,"11-7,11-9,13-11,0-0,0-0"
